profile	file	reference64	hypothesis64	audioSeconds	asrMs	cpuMs	cer	segments	dropped	pipelineHypothesis64	endToAdmissionMs	loadMs	threads	tailPadding	silenceMs	byteSafe
turbo	fleurs-0000-1519.wav	5aSa44GP44Gu5aC05ZCI44CB5rW35aSW44Gu44Ku44Oj44OD44OX44Kk44Ok44O844Kz44O844K544Gr5YWl5a2m44GZ44KL44GT44Go44Gn44CB5biw5Zu95b6M44Gr5a6f6Zqb44Gr5aSn5a2m44Gr6YCy5a2m44GX44KE44GZ44GP44Gq44KK44G+44GZ44CC	5aSa44GP44Gu5aC05ZCI44CB5rW35aSW44Gu44Ku44Oj44OD44OX44Kk44Ok44O844Kz44O844K544Gr5YWl5a2m44GZ44KL44GT44Go44Gn44CB5LyB55S75b6M44Gr5a6f6Zqb44Gr5aSn5a2m44Gr6YCy5a2m44GX44KE44GZ44GP44Gq44KK44G+44GZ44CC	11.1	5905.5602	24375.0	0.043478260869565216	1	0	5aSa44GP44Gu5aC05ZCI44CB5rW35aSW44Gu44Ku44Oj44OD44OX44Kk44Ok44O844Kz44O844K544Gr5YWl5a2m44GZ44KL44GT44Go44Gn44CB5LyB55S75b6M44Gr5a6f6Zqb44Gr5aSn5a2m44Gr6YCy5a2m44GX44KE44GZ44GP44Gq44KK44G+44GZ44CC	7270.5331	3365.6305	4	500	1800	true
turbo	fleurs-0002-1607.wav	6IiI5ZGz44KS44Gd44Gd44KJ44KM44KL5p2R44KSMzDliIbjgbvjganmlaPnrZbjgZnjgovjga7jga/kvqHlgKTjgYzjgYLjgorjgb7jgZnjgII=	6IiI5ZGz44KS44Gd44Gd44KJ44KM44KL5p2R44KSMzDliIbjgbvjganmlaPnrZbjgZnjgovjga7jga/kvqHlgKTjgYzjgYLjgorjgb7jgZnjgII=	7.98	4504.3363	20296.875	0.0	1	0	6IiI5ZGz44KS44Gd44Gd44KJ44KM44KL5p2R44KSMzDliIbjgbvjganmlaPnrZbjgZnjgovjga7jga/kvqHlgKTjgYzjgYLjgorjgb7jgZk=	4899.9389	3365.6305	4	500	1800	true
turbo	fleurs-0003-1634.wav	5pel5pys44Gr44Gv57SENywwMDDjga7ls7bjgIXjgYzjgYLjgorjgIHjgZ3jga7mnIDlpKfjga/mnKzlt57liJfls7bjgafjgIHkuJbnlYzjgac355Wq55uu44Gr5aSn44GN44GE5bO244Go44GV44KM44Gm44GE44G+44GZ44CC	5pel5pys44Gr44Gv57SENzAwMOOBruWztuOAheOBjOOBguOCiuOAgeOBneOBruacgOWkp+OBr+acrOW3nuWIl+WztuOBp+OAgeS4lueVjOOBpzfnlarnm67jgavlpKfjgY3jgYTls7bjgajjgZXjgozjgabjgYTjgb7jgZnjgII=	12.12	5837.2687	25234.375	0.0	1	0	5pel5pys44Gr44Gv57SENzAwMOOBruWztuOAheOBjOOBguOCiuOAgeOBneOBruacgOWkp+OBr+acrOW3nuWIl+WztuOBp+OAgeS4lueVjOOBpzfnlarnm67jgavlpKfjgY3jgYTls7bjgajjgZXjgozjgabjgYTjgb7jgZnjgII=	6299.2251	3365.6305	4	500	1800	true
turbo	fleurs-0004-1625.wav	5YWo5Zu944GL44KJ6ZuG44G+44Gj44Gf5pyJ5ZCN44Gq5q2M5omL44Gf44Gh44GM44K344Ol44Oq44O844K344Oj44Og44Gu6Laz5YWD44Gr44OQ44K444Oj44Oz77yI6IGW5q2M77yJ44KS5o2n44GS44G+44GX44Gf44CC	5YWo5Zu944GL44KJ6ZuG44G+44Gj44Gf5pyJ5ZCN44Gq5q2M5omL44Gf44Gh44GM44K344Ol44Oq44O844K344Oj44Og44Gu6Laz5YWD44Gr44OQ44K444Oj44Oz44CB6IGW5q2M44KS5o2n44GS44G+44GX44Gf44CC	9.9	5047.8206	22421.875	0.0	1	0	5YWo5Zu944GL44KJ6ZuG44G+44Gj44Gf5pyJ5ZCN44Gq5q2M5omL44Gf44Gh44GM44K344Ol44Oq44O844K344Oj44Og44Gu6Laz5YWD44Gr44OQ44K444Oj44Oz44CB6IGW5q2M44KS5o2n44GS44G+44GX44Gf44CC	6148.7473	3365.6305	4	500	1800	true
turbo	fleurs-0005-1572.wav	44Gd44Gu5b6MMuaZgumWk+OBruOBhuOBoeOBq+OAgeOBleOCieOBqzPjgaTjga7niIblvL7jgYzlrpjluoHmlr3oqK3jga7ku5jov5HjgafniIbnmbrjgZfjgb7jgZfjgZ/jgII=	44Gd44Gu5b6MMuaZgumWk+OBruOBhuOBoeOBq+OBleOCieOBqzPjgaTjga7niIblvL7jgYznkrDnirbmlr3oqK3jga7ku5jov5HjgafniIbnmbrjgZfjgb7jgZfjgZ/jgII=	9.12	4715.0785	21000.0	0.06060606060606061	1	0	44Gd44Gu5b6MMuaZgumWk+OBruOBhuOBoeOBq+OBleOCieOBqzPjgaTjga7niIblvL7jgYznkrDnirbmlr3oqK3jga7ku5jov5HjgafniIbnmbrjgZfjgb7jgZfjgZ8=	5360.5388	3365.6305	4	500	1800	true
turbo	fleurs-0007-1607.wav	6IiI5ZGz44KS44Gd44Gd44KJ44KM44KL5p2R44KSMzDliIbjgbvjganmlaPnrZbjgZnjgovjga7jga/kvqHlgKTjgYzjgYLjgorjgb7jgZnjgII=	6IiI5ZGz44KS44Gd44Gd44KJ44KM44KL5p2R44KSMzDliIbjgbvjganmlaPnrZbjgZnjgovjga7jga/kvqHlgKTjgYzjgYLjgorjgb7jgZnjgII=	10.14	4325.6224	19500.0	0.0	1	0	6IiI5ZGz44KS44Gd44Gd44KJ44KM44KL5p2R44KSMzDliIbjgbvjganmlaPnrZbjgZnjgovjga7jga/kvqHlgKTjgYzjgYLjgorjgb7jgZnjgII=	4898.2618	3365.6305	4	500	1800	true
turbo	fleurs-0008-1575.wav	44Kk44K544Op44Ko44Or44Gv44CB44GT44Gu5Y2U5a6a44GM57WQ44Gw44KM44KM44GwMTDlubTplpPjgavjgo/jgZ/jgovls6HosLfjgafjga7pp5DnlZnntpnntprjgpLopoHmsYLjgZnjgovjgajjgZfjgabjgYTjgb7jgZnjgYzjgIHjgZ3jga7kuIDmlrnjgafjg5Hjg6zjgrnjg4Hjg4roh6rmsrvmlL/lupzjgYzlkIzmhI/jgZfjgabjgYTjgovpp5DlnKjmnJ/plpPjga815bm06ZaT44Gu44G/44Gn44GZ44CC	44Kk44K544Op44Ko44Or44Gv44GT44Gu5Y2U5a6a44GM57WQ44Gw44KM44KM44GwMTDlubTplpPjgavjgo/jgZ/jgovlvLflm73jgafjga7pp5DnlZnntpnntprjgpLmnInntabjgZnjgovjgajjgZfjgabjgYTjgb7jgZnjgYzjgZ3jga7kuIDmlrnjgafjg5Hjg6zjgrnjg4bjgqPjg4roh6rmsrvmlL/lupzjgYzlkIzmhI/jgZfjgabjgYTjgovpp5DlnKjmnJ/plpPjga815bm06ZaT44Gu44G/44Gn44GZ	14.82	7782.5486	32859.375	0.07792207792207792	1	0	44Kk44K544Op44Ko44Or44Gv44GT44Gu5Y2U5a6a44GM57WQ44Gw44KM44KM44GwMTDlubTplpPjgavjgo/jgZ/jgovlvLflm73jgafjga7pp5DnlZnntpnntprjgpLmnInntabjgZnjgovjgajjgZfjgabjgYTjgb7jgZnjgYzjgZ3jga7kuIDmlrnjgafjg5Hjg6zjgrnjg4bjgqPjg4roh6rmsrvmlL/lupzjgYzlkIzmhI/jgZfjgabjgYTjgovpp5DlnKjmnJ/plpPjga815bm06ZaT44Gu44G/44Gn44GZ	8721.9617	3365.6305	4	500	1800	true
turbo	fleurs-0009-1628.wav	5omL5bel6Iq45ZOB44Gv44CB5aSn6YeP55Sf55Sj44GV44KM44Gf6aGe5Ly85ZOB44KI44KK44KC5q205Y+y44Gv5rWF44GE44Gu44Gn44GZ44GM44CB6aqo6JGj5ZOB44Go5a6a576p44GV44KM44KL44GT44Go44KC44GC44KK44G+44GZ44CC	5omL5bel5Y6f5ZOB44Gv5aSn6YeP55Sf55Sj44GV44KM44Gf6aGe5Ly85ZOB44KI44KK44KC5q205Y+y44Gv5rWF44GE44Gu44Gn44GZ44GM44CB6aqo6JGj5ZOB44Go5a6a576p44GV44KM44KL44GT44Go44KC44GC44KK44G+44GZ44CC	11.1	5588.8246	24406.25	0.023255813953488372	1	0	5omL5bel5Y6f5ZOB44Gv5aSn6YeP55Sf55Sj44GV44KM44Gf6aGe5Ly85ZOB44KI44KK44KC5q205Y+y44Gv5rWF44GE44Gu44Gn44GZ44GM44CB6aqo6JGj5ZOB44Go5a6a576p44GV44KM44KL44GT44Go44KC44GC44KK44G+44GZ44CC	6614.4535	3365.6305	4	500	1800	true
turbo	fleurs-0010-1598.wav	6LuK44Gu6KGd56qB5pmC44Gr44Gv77yT5Lq644GM5a6244Gu5Lit44Gr44GE44G+44GX44Gf44GM44CB5oCq5oiR5Lq644Gv44GE44G+44Gb44KT44Gn44GX44Gf44CC	6LuK44Gu6KGd56qB5pmC44Gr44GvM+S6uuOBjOWutuOBruS4reOBq+OBhOOBvuOBl+OBn+OBjOOAgeaAquaIkeS6uuOBr+OBhOOBvuOBm+OCk+OBp+OBl+OBn+OAgg==	9.24	3950.5245	17843.75	0.0	1	0	6LuK44Gu6KGd56qB5pmC44Gr44GvM+S6uuOBjOWutuOBruS4reOBq+OBhOOBvuOBl+OBn+OBjOOAgeaAquaIkeS6uuOBr+OBhOOBvuOBm+OCk+OBp+OBl+OBn+OAgg==	5324.159	3365.6305	4	500	1800	true
turbo	fleurs-0011-1596.wav	6Ieq54S25Li7576p6ICF44KE5ZOy5a2m6ICF44Gf44Gh44Gv44CB5Y+k5YW45pu444CB54m544Gr44Op44OG44Oz6Kqe44Gn5pu444GL44KM44Gf6IGW5pu444Gr5rOo55uu44GX44Gm44GE44G+44GX44Gf44CC	6Ieq54S25Li7576p6ICF44KE5ZOy5a2m6ICF44Gf44Gh44Gv5Y+k5YW45pu444CB54m544Gr44Op44OG44Oz6Kqe44Gn5pu444GL44KM44Gf6IGW5pu444Gr5rOo55uu44GX44Gm44GE44G+44GX44Gf44CC	9.6	4733.2283	20937.5	0.0	1	0	6Ieq54S25Li7576p6ICF44KE5ZOy5a2m6ICF44Gf44Gh44Gv5Y+k5YW45pu444CB54m544Gr44Op44OG44Oz6Kqe44Gn5pu444GL44KM44Gf6IGW5pu444Gr5rOo55uu44GX44Gm44GE44G+44GX44Gf44CC	5892.3925	3365.6305	4	500	1800	true
turbo	fleurs-0012-1589.wav	44K144OW44Kr44Or44OB44Oj44O844Gu54m55b6044KS5rG65a6a5LuY44GR44KL5oCn6LOq44Gv44CB6KiA6Kqe44CB576O44CB5a6X5pWZ44CB5pS/5rK744CB5oCn44CB5Zyw55CG44CB44G+44Gf44Gv44Gd44KM44KJ44Gu6KaB57Sg44Gu57WE44G/5ZCI44KP44Gb44GL44KC44GX44KM44G+44Gb44KT44CC	44K144OW44Kr44Or44OB44Oj44O844Gu54m55b6044KS5rG65a6a44Gl44GR44KL5oCn6LOq44Gv6KiA6Kqe44CB576O44CB5a6X5pWZ44CB5pS/5rK744CB5oCn44CB5Zyw55CG44CB44G+44Gf44Gv44Gd44KM44KJ44Gu6KaB57Sg44Gu57WE44G/5ZCI44KP44Gb44GL44KC44GX44KM44G+44Gb44KT44CC	17.46	7455.7661	31781.25	0.0196078431372549	1	0	44K144OW44Kr44Or44OB44Oj44O844Gu54m55b6044KS5rG65a6a44Gl44GR44KL5oCn6LOq44Gv6KiA6Kqe44CB576O44CB5a6X5pWZ44CB5pS/5rK744CB5oCn44CB5Zyw55CG44CB44G+44Gf44Gv44Gd44KM44KJ44Gu6KaB57Sg44Gu57WE44G/5ZCI44KP44Gb44GL44KC44GX44KM44G+44Gb44KT44CC	7334.9483	3365.6305	4	500	1800	true
turbo	fleurs-0013-1615.wav	5L2V5Y2D5bm044KC5YmN44Gr44CB44Ki44Oq44K544K/44Or44Kz44K544Go44GE44GG5a2m6ICF44GM44CB5aSq6Zm957O744Gv5aSq6Zm944Gu5ZGo44KK44KS56e75YuV44GX44Gm44GE44KL44Go6KiA44GE44G+44GX44Gf44CC	5L2V5Y2D5bm044KC5YmN44Gr44CB44Ki44Oq44K544K/44Or44Kz44K544Go44GE44GG5a2m6ICF44GM44CB5aSq6Zm957O744Gv5aSq6Zm944Gu5ZGo44KK44KS56e75YuV44GX44Gm44GE44KL44Go6KiA44GE44G+44GX44Gf44CC	10.2	4883.2971	21703.125	0.0	1	0	5L2V5Y2D5bm044KC5YmN44Gr44Ki44Oq44K544K/44Or44Kz44K544Go44GE44GG5a2m6ICF44GM5aSq6Zm957O744Gv5aSq6Zm944Gu5ZGo44KK44KS56e75YuV44GX44Gm44GE44KL44Go6KiA44GE44G+44GX44Gf44CC	5928.7584	3365.6305	4	500	1800	true
turbo	fleurs-0015-1641.wav	44GT44Gu5qOu5p6X44Gv44Gf44Gg44Oe44Oz44Kw44Ot44O844OW44GM55Sf44GI44Gm44GE44KL44Gg44GR44Gu5rK85Zyw44Gn44Gv44GC44KK44G+44Gb44KT44CC5qOu5p6X44Gr44Gv44CB44GL44Gk44Gm44OS44Oz44OJ44Kl44K544K/44O844Oz5bmz6YeO44KS6KaG44Gj44Gm44GE44Gf5bqD5aSn44Gq44K444Oj44Oz44Kw44Or44GM5q6L44Gj44Gm44GE44KL5pyA5b6M44Gu5aC05omA44KC5ZCr44G+44KM44Gm44GE44G+44GZ44CC	44GT44Gu5qOu5p6X44Gv44Gf44Gg44OQ44Oz44Kw44Ot44O844OW44GM55Sf44GI44Gm44GE44KL44Gg44GR44Gu5rK85Zyw44Gn44Gv44GC44KK44G+44Gb44KT44CC5qOu5p6X44Gr44Gv44GL44Gk44Gm44OS44Oz44OJ44Kl44O844K544K/44Oz5bmz5ZKM44KS6KaG44Gj44Gm44GE44Gf5bqD5aSn44Gq44K444Oj44Oz44Kw44Or44GM5q6L44Gj44Gm44GE44KL5pyA5Y+k44Gu5aC05omA44KC5ZCr44G+44KM44Gm44GE44G+44GZ44CC	16.44	8032.7072	34000.0	0.06172839506172839	1	0	44GT44Gu5qOu5p6X44Gv44Gf44Gg44OQ44Oz44Kw44Ot44O844OW44GM55Sf44GI44Gm44GE44KL44Gg44GR44Gu5rK85Zyw44Gn44Gv44GC44KK44G+44Gb44KT44CC5qOu5p6X44Gr44Gv44GL44Gk44Gm44OS44Oz44OJ44Kl44O844K544K/44Oz5bmz5ZKM44KS6KaG44Gj44Gm44GE44Gf5bqD5aSn44Gq44K444Oj44Oz44Kw44Or44GM5q6L44Gj44Gm44GE44KL5pyA5Y+k44Gu5aC05omA44KC5ZCr44G+44KM44Gm44GE44G+44GZ44CC	8940.5769	3365.6305	4	500	1800	true
turbo	fleurs-0016-1562.wav	44GT44KM44GM5LiA6Iis55qE44Gr44Gq44KK44G+44GX44Gf44GM44CB6YmE44Gv6aas6LuK44Gu5pyo6KO96LuK6Lyq44Gu5pGp6ICX44GM6YCy44KA5Y6f5Zug44Gr44Gq44KK44G+44GX44Gf44CC	44GT44KM44GM5LiA6Iis55qE44Gr44Gq44KK44G+44GX44Gf44GM44CB6YmE44Gv5ZKM6LuK44Gu5pyo6KO96LuK6Lyq44Gu5pGp6ICX44GM6YCy44KA5Y6f5Zug44Gr44Gq44KK44G+44GX44Gf44CC	15.12	6592.7696	28359.375	0.027777777777777776	1	0	44GT44KM44GM5LiA6Iis55qE44Gr44Gq44KK44G+44GX44Gf44GM44CB6YmE44Gv5ZKM6LuK44Gu5pyo6KO96LuK6Lyq44Gu5pGp6ICX44GM6YCy44KA5Y6f5Zug44Gr44Gq44KK44G+44GX44Gf44CC	5429.1452	3365.6305	4	500	1800	true
turbo	fleurs-0017-1513.wav	44Ki44Or44K844Oz44OB44Oz44Gv44CB5LiW55WM5pyA6auY44Gu44Od44Ot44OB44O844Og44Go44Od44Ot56u25oqA6YG45omL44KS5pOB44GZ44KL44GT44Go44Gn5pyJ5ZCN44Gn44GZ44CC	44Ki44Or44K844Oz44OB44Oz44Gv5LiW55WM5pyA6auY44Gu44Od44Ot44OB44O844Og44Go44Od44Ot56u25oqA6YG45omL44KS5pOB44GZ44KL44GT44Go44Gn5pyJ5ZCN44Gn44GZ44CC44Ki44Or44K844Oz44OB44Oz44Gv5LiW55WM5pyA6auY44Gu44Od44Ot44OB44O844Og	8.46	4806.3848	21609.375	0.4857142857142857	1	0	44Ki44Or44K844Oz44OB44Oz44Gv5LiW55WM5pyA6auY44Gu44OX44Ot44OB44O844Og44Go44OX44Ot56u25oqA6YG45omL44KS5pOB44GZ44KL44GT44Go	4934.5002	3365.6305	4	500	1800	true
turbo	fleurs-0018-1619.wav	44GX44GL44GX44CB44Kr44K/44Or44O844OL44Oj6Kqe44GM56ys5LiA5YWs55So6Kqe44Go44GX44Gm5rOV5b6L44Gn5a6a44KB44KJ44KM44Gm44GE44KL44Gf44KB44CB44G744Go44KT44Gp44Gu5qiZ6K2Y44GM44Kr44K/44Or44O844OL44Oj6Kqe44Gu44G/44Gn6KGo56S644GV44KM44Gm44GE44G+44GZ44CC	44GX44GL44GX6Kqe44KL44GG44Gt6Kqe44GM56ys5LiA5YWs6Iux6Kqe44Go44GX44Gm5rOV5b6L44Gn5a6a44KB44KJ44KM44Gm44GE44KL44Gf44KB44G744Go44KT44Gp44Gu5qiZ6K2Y44GM6Kqe44KL44GG44Gt6Kqe44Gu44G/44Gn6KGo56S644GV44KM44Gm44GE44G+44GZ	11.64	5609.836	24718.75	0.22807017543859648	1	0	44GX44GL44GX6Kqe44KL44GG44Gt6Kqe44GM56ys5LiA5YWs6Iux6Kqe44Go44GX44Gm5rOV5b6L44Gn5a6a44KB44KJ44KM44Gm44GE44KL44Gf44KB44G744Go44KT44Gp44Gu5qiZ6K2Y44GM6Kqe44KL44GG44Gt6Kqe44Gu44G/44Gn6KGo56S644GV44KM44Gm44GE44G+44GZ	6217.2962	3365.6305	4	500	1800	true
turbo	fleurs-0019-1524.wav	44Oh44O844OI44Or5rOV44Gu5o6h55So44CB57W25a++5Li7576p44GL44KJ5YWx5ZKM5Li7576p44G444Gu56e76KGM44CB5oSb5Zu95b+D44CB44Gd44GX44Gm5Zu944Gv5Y2Y54us5pSv6YWN6ICF44Gn44Gv44Gq44GP5Zu95rCR44Gu44KC44Gu44Gn44GC44KL44Go44GE44GG5L+h5b+144Gq44Gp44CB5aSa44GP44Gu56S+5Lya55qE5pS/5rK755qE5b2x6Z+/44GM44GC44KK44G+44GX44Gf44CC	44Oh44O844OI44Or5rOV44Gu5o6h55So44CB57W25a++5Li7576p44GL44KJ5YWx5ZKM5Li7576p44G444Gu56e76KGM44CB5oSb5Zu95b+D44CB44Gd44GX44Gm5Zu944Gv5Y2Y54us5pSv6YWN6ICF44Gn44Gv44Gq44GP5Zu95rCR44Gu44KC44Gu44Gn44GC44KL44Go44GE44GG5L+h5b+144Gq44Gp44CB5aSa44GP44Gu56S+5Lya55qE44CB5pS/5rK755qE5b2x6Z+/44GM44GC44KK44G+44GX44Gf44CC	17.28	8064.188	34203.125	0.0	1	0	44Oh44O844OI44Or5rOV44Gu5o6h55So44CB57W25a++5Li7576p44GL44KJ5YWx5ZKM5Li7576p44G444Gu56e76KGM44CB5oSb5Zu95b+D44CB44Gd44GX44Gm5Zu944Gv5Y2Y54us5pSv6YWN6ICF44Gn44Gv44Gq44GP5Zu95rCR44Gu44KC44Gu44Gn44GC44KL44Go44GE44GG5L+h5b+144Gq44Gp44CB5aSa44GP44Gu56S+5Lya55qE44CB5pS/5rK755qE5b2x6Z+/44GM44GC44KK44G+44GX44Gf44CC	9254.9332	3365.6305	4	500	1800	true
turbo	fleurs-0020-1644.wav	44Kz44Oh44Oz44OI44KS5rGC44KB44KJ44KM44Gf44Of44Op44O85rCP44Gv44CB44CM5YWs6IG05Lya44Gn44Gv44Oe44Kk44Kv44GM44KI44GP44GX44KD44G544KL44Gu44Gn44CB56eB44Gv5rqW5YKZ44KS44GX44Gm44GE44Gf44Gu44Gn44CB5L2V44KS6KiA44Gj44Gm44GE44KL44Gu44GL44KI44GP6IGe44GT44GI44Gq44GL44Gj44Gf44CN44Go6L+w44G544Gf44CC	44Kz44Oh44Oz44OI44KS5rGC44KB44KJ44KM44Gf44Of44Op44O85rCP44Gv5qCh6ZW35Lya44Gn44Gv44Oe44Kk44Kv44GM44KI44GP5ZaL44KL44Gu44Gn56eB44Gv5rqW5YKZ44KS44GX44Gm44GE44Gf44Gu44Gn5L2V44KS6KiA44Gj44Gm44GE44KL44Gu44GL44KI44GP6IGe44GT44GI44Gq44GL44Gj44Gf44Go6L+w44G544Gf	13.56	6556.0207	28234.375	0.07692307692307693	1	0	44Kz44Oh44Oz44OI44KS5rGC44KB44KJ44KM44Gf44Of44Op44O85rCP44Gv5qCh6ZW35Lya44Gn44Gv44Oe44Kk44Kv44GM44KI44GP5ZaL44KL44Gu44Gn56eB44Gv5rqW5YKZ44KS44GX44Gm44GE44Gf44Gu44Gn5L2V44KS6KiA44Gj44Gm44GE44KL44Gu44GL44KI44GP6IGe44GT44GI44Gq44GL44Gj44Gf44Go6L+w44G544Gf	7827.9892	3365.6305	4	500	1800	true
turbo	fleurs-0021-1574.wav	5rCX5rip44GM5rC354K55LiL44Gr44Gq44KL44GT44Go44Gv44KB44Gj44Gf44Gr44GC44KK44G+44Gb44KT44GM44CB6aKo44Go5rm/5bqm44Gu6Zai5L+C44Gn5rip5bqm6KiI44GM56S644GZ5rCX5rip44KI44KK44KC5a+S44GP5oSf44GY44KL44GT44Go44GM44GC44KK44G+44GZ44CC	5rCX5rip44GM5rC354K55LiL44Gr44Gq44KL44GT44Go44Gv5ruF5aSa44Gr44GC44KK44G+44Gb44KT44GM6aKo44Go5rm/5bqm44Gu6Zai5L+C44Gn5rip5bqm6KiI44GM56S644GZ5rCX5rip44KI44KK44KC5a+S44GP5oSf44GY44KL44GT44Go44GM44GC44KK44G+44GZ5rCX5rip44GM5rC354K55LiL44Gr44Gq44KL44GT44Go44Gv5ruF5aSa44Gr44GC44KK44G+44Gb44KT44GM6aKo44Go5rm/5bqm44Gu6Zai5L+C44Gn5rip5bqm6KiI44GM56S644GZ5rCX5rip44KI44KK44KC5a+S	15.72	9620.0044	40390.625	0.8301886792452831	1	0	5rCX5rip44GM5rC354K55LiL44Gr44Gq44KL44GT44Go44Gv5ruF5aSa44Gr44GC44KK44G+44Gb44KT44GL6aKo44Go5rm/5bqm44Gu6Zai5L+C44Gn5rip5bqm6KiI44GM56S644GZ5rCX5rip44KI44KK44KC5a+S44GP5oSf44GY44KL44GT44Go44GM	6651.9691	3365.6305	4	500	1800	true
turbo	fleurs-0022-1582.wav	44OY44OW44Op44Kk5Lq65a625peP44Gv44G744Go44KT44Gp5oi45aSW44Gn5pqu44KJ44GX44Gm44GE44G+44GX44Gf44CC	44OY44OW44Op44Kk5Lq65a625peP44Gv44G744Go44KT44Gp6YO95aSW44Gn5pqu44KJ44GX44Gm44GE44G+44GX44Gf44CC	7.5	3608.7613	16875.0	0.043478260869565216	1	0	44OY44OW44Op44Kk5Lq65a625peP44Gv44G744Go44KT44Gp6YO95aSW44Gn5pqu44KJ44GX44Gm44GE44G+44GX44Gf44CC44OY44OW44Op44Kk5Lq65a625peP44Gv44G744Go	5239.4087	3365.6305	4	500	1800	true
