profile	file	reference64	hypothesis64	audioSeconds	asrMs	cpuMs	cer	segments	dropped	pipelineHypothesis64	endToAdmissionMs	loadMs	threads	tailPadding	silenceMs
tiny	fleurs-0000-1519.wav	5aSa44GP44Gu5aC05ZCI44CB5rW35aSW44Gu44Ku44Oj44OD44OX44Kk44Ok44O844Kz44O844K544Gr5YWl5a2m44GZ44KL44GT44Go44Gn44CB5biw5Zu95b6M44Gr5a6f6Zqb44Gr5aSn5a2m44Gr6YCy5a2m44GX44KE44GZ44GP44Gq44KK44G+44GZ44CC	44Kq44O844Kv44Gu5aC05ZCI44CB5rW344Gu44Oj44OD44OX44KE44Kz44O844K544Gr5ZCI44GZ44KL44GT44Go44Gn44CB5qmf546L44Gr5a6f6Zqb44Gr5aSn5a2m44Gr6YCy5a2m44GX44KE44GZ44GP44Gq44KK44G+44GZ44CC	11.1	1116.7712	1125.0	0.2826086956521739	2	0	KOmfs+alvSnlpKflpb3jgY3jgarloLTlkIjjgIHkvJrjga7jg6Pjg4Pjg5fjgoTjgrPjg7zjgrnjgavlkIjjgZnjgovjgZPjgajjgafjgIHmqZ/njovjgavlrp/pmpvjgavlpKflrabjgavmlrDlrabjgZfjgoTjgZnjgY/jgarjgorjgb7jgZk=	2229.5569	954.5622	1	1000	1200
tiny	fleurs-0002-1607.wav	6IiI5ZGz44KS44Gd44Gd44KJ44KM44KL5p2R44KSMzDliIbjgbvjganmlaPnrZbjgZnjgovjga7jga/kvqHlgKTjgYzjgYLjgorjgb7jgZnjgII=	5LuK5pel44Gv6KaL44KS44Gd44Gd44KJ44KM44KL44KC44KJ44KSMzDliIbjgbvjgakz44K744Kv44GZ44KL44Gu44Gv5Yud44Gh44GM44GC44KK44G+44GZ	7.98	552.8008	531.25	0.39285714285714285	1	0	5LuK5pel6KaL44KS44Gd44Gd44KJ44KM44KL44KC44KJ44KSMzDliIbjgbvjgakz44K744Kv44K744Or44Gu44GM	1676.7991	857.6457	1	1000	1200
tiny	fleurs-0003-1634.wav	5pel5pys44Gr44Gv57SENywwMDDjga7ls7bjgIXjgYzjgYLjgorjgIHjgZ3jga7mnIDlpKfjga/mnKzlt57liJfls7bjgafjgIHkuJbnlYzjgac355Wq55uu44Gr5aSn44GN44GE5bO244Go44GV44KM44Gm44GE44G+44GZ44CC	5pel5pys44Gr44Gv57SENzAwMOOBruWztuWztuOBjOOBguOCiuOAgeOBneOBruacgOWkp+OBr+acrOeoruODrOODg+ODieOBp+S4lueVjOOBpzfnlarnm67jgavlpKfjgY3jgYTls7bjgajjgZXjgozjgabjgYTjgb7jgZnjgII=	12.12	973.65	968.75	0.11627906976744186	1	0	5pel5pys44Gr44Gv57SENzAwMOOBruWztuWztuOBjOOBguOCiuOAgeOBneOBruacgOWkp+OBr+acrOeoruODrOODg+ODieOBp+S4lueVjOOBpzfnlarnm67jgavlpKfjgY3jgYTls7bjgajjgZXjgozjgabjgYTjgb7jgZnjgII=	2095.4569	954.5622	1	1000	1200
tiny	fleurs-0004-1625.wav	5YWo5Zu944GL44KJ6ZuG44G+44Gj44Gf5pyJ5ZCN44Gq5q2M5omL44Gf44Gh44GM44K344Ol44Oq44O844K344Oj44Og44Gu6Laz5YWD44Gr44OQ44K444Oj44Oz77yI6IGW5q2M77yJ44KS5o2n44GS44G+44GX44Gf44CC	5YWo5Zu944GL44KJ6ZuG44G+44Gj44Gm5ZCN44Gq44GL44GX44Gf5pmC44GvIOOCt+ODpeODquODs+OCt+ODo+ODoOOBrui2s+WFg+OBq+ODkOOCuOODo+ODs+ato+OCkuOBl+OBpuOBhOOBvuOBl+OBnw==	9.9	961.0986	953.125	0.3076923076923077	2	0	KOmfs+alvSnlhajlm73jgYvjgonpm4bjgb7jgaPjgablkI3jgarjgYvjgZfjgZ/mmYLjga/jgrfjg6Xjg6rjg7Pjgrfjg6Pjg6Djga7otrPlhYPjgavjg5Djgrjjg6Pjg7PjgIHmraPjgpLjgZHjgb7jgZfjgZ8=	2081.032	954.5622	1	1000	1200
tiny	fleurs-0005-1572.wav	44Gd44Gu5b6MMuaZgumWk+OBruOBhuOBoeOBq+OAgeOBleOCieOBqzPjgaTjga7niIblvL7jgYzlrpjluoHmlr3oqK3jga7ku5jov5HjgafniIbnmbrjgZfjgb7jgZfjgZ/jgII=	44Gd44Gu5b6M44CBMuaZgumWk+OBruOBhuOBoeOBq+OBleOBguOBqzPjgaTjga7niIbjgYzmhJ/mg4XoqK3jga7kuI3pm7vjgafniIbnmbrjgZfjgb7jgZfjgZ/jgII=	9.12	828.8187	812.5	0.21212121212121213	1	0	44Gd44Gu5b6M44CBMuaZgumWk+OBruOBhuOBoeOBq+OBleOBguOBqzPjgaTjga7niIbjgYzmhJ/mg4XoqK3jga7kuI3pm7vniIbnmbrjgZfjgb7jgZfjgZ8=	1916.9012	954.5622	1	1000	1200
tiny	fleurs-0007-1607.wav	6IiI5ZGz44KS44Gd44Gd44KJ44KM44KL5p2R44KSMzDliIbjgbvjganmlaPnrZbjgZnjgovjga7jga/kvqHlgKTjgYzjgYLjgorjgb7jgZnjgII=	5LuK5pel6KaL44KS44Gd44Gd44KJ44KM44KL5p2R44KSMzDliIbjgbvjgakz44GZ44KL44Gu44Gv5Yud44Gh44GM44GC44KK44G+44GZ	10.14	677.7865	671.875	0.25	1	0	6IiI5ZGz44KS44Gd44Gd44KJ44KM44KL5p2R44KSMzDliIbjgbvjgakz44GZ44KL44Gu44Gv44GM44GC44KK44G+44GZ	1766.5958	954.5622	1	1000	1200
tiny	fleurs-0008-1575.wav	44Kk44K544Op44Ko44Or44Gv44CB44GT44Gu5Y2U5a6a44GM57WQ44Gw44KM44KM44GwMTDlubTplpPjgavjgo/jgZ/jgovls6HosLfjgafjga7pp5DnlZnntpnntprjgpLopoHmsYLjgZnjgovjgajjgZfjgabjgYTjgb7jgZnjgYzjgIHjgZ3jga7kuIDmlrnjgafjg5Hjg6zjgrnjg4Hjg4roh6rmsrvmlL/lupzjgYzlkIzmhI/jgZfjgabjgYTjgovpp5DlnKjmnJ/plpPjga815bm06ZaT44Gu44G/44Gn44GZ44CC	5LiA44Gn44GC44KL44Gv44GT44Gu5pWZ6aGM44GM44KC44GZ44KP44KM44KM44GwMTDlubTplpPjgavjgo/jgZ/jgovmlZnlm73pg6jnkIbjga7kuK3mioDjgpLmsJfjgpLjgZnjgovjgajjgZfjgabjgYTjgb7jgZnjgYzjgZ3jga7kuIDmlrnjgafjg5Hjg6zjgrnjgarkuovlrp/mlL/lupzjgYzlkIzmhI/miJDnq4vjgpLljJbjga815bm06ZaT44Gu44G/44Gn44GZ	14.82	1684.5357	1640.625	0.4155844155844156	1	0	44Kt44K544Op44Kk44Or44Gv44GT44Gu5pWZ6aGM44GM44KC44GZ44KP44KM44KM44GwMTDlubTplpPjgavjgo/jgZ/jgovmlZnlm73pg6jnkIbjga7kuK3mioDjgpLmlZnjgYjjgabjgYrjgorjgajjgZfjgabjgYTjgb7jgZnjgYzjgZ3jga7kuIDmlrnjgacg44Os44K544Gq6Ieq5rK75pS/5bqc44GM5ZCM5oSP5oiQ56uLIOaFi+apn+OBrzXlubTplpPjga7jgb/jgafjgZk=	2717.0269	954.5622	1	1000	1200
tiny	fleurs-0009-1628.wav	5omL5bel6Iq45ZOB44Gv44CB5aSn6YeP55Sf55Sj44GV44KM44Gf6aGe5Ly85ZOB44KI44KK44KC5q205Y+y44Gv5rWF44GE44Gu44Gn44GZ44GM44CB6aqo6JGj5ZOB44Go5a6a576p44GV44KM44KL44GT44Go44KC44GC44KK44G+44GZ44CC	5Li75YWs6Zu75b2x44Gv5aSn6YeP55Sf44GV44KM44GfMTHml6Xml6XjgojjgorjgZTjgafoqJjogIXjga/lhYjjga7jgafjgZnjgYzjgIHjgrPjg4Pjg4jjg5Ljg7Pjg4jlrprnvqnjgZXjgozjgovjgZPjgajjgoLjgYLjgorjgb7jgZnjgII=	11.1	1022.1752	1000.0	0.4883720930232558	1	1	5Li75YWs6Zu75b2x44Gv44CB5aSn6YeP55Sf44GV44KM44Gf6aGe5ZOB44KI44KK44KC5Y+y44Gv44CB5YWI44Gu44OH44K544Kr44CB44Kz44OD44OI44O75ZOB44Go5a6a576p44GV44KM44KL44GT44Go44KC44GC44KK44G+44GZ	2075.891	954.5622	1	1000	1200
tiny	fleurs-0010-1598.wav	6LuK44Gu6KGd56qB5pmC44Gr44Gv77yT5Lq644GM5a6244Gu5Lit44Gr44GE44G+44GX44Gf44GM44CB5oCq5oiR5Lq644Gv44GE44G+44Gb44KT44Gn44GX44Gf44CC	6LuK44Gu55u45b2T44Ga44GY44Gr44GvM+S6uuOBjOWutuOBruS4reOBq+OBhOOBvuOBl+OBn+OBjOOAgeOBkeOBjOOBq+OBjOOBhOOBvuOBm+OCk+OBp+OBl+OBn+OAgg==	9.24	677.7066	656.25	0.26666666666666666	1	1	6LuK44Gu55u45b2T44Ga44GY44Gr44GvM+S6uuOBjOWutuOBruS4reOBq+OBhOOBvuOBl+OBn+OBjOOAgeOBkeOBjOS6uuOBjOOBhOOBvuOBm+OCk+OBp+OBl+OBn+OAgg==	1818.0017	954.5622	1	1000	1200
tiny	fleurs-0011-1596.wav	6Ieq54S25Li7576p6ICF44KE5ZOy5a2m6ICF44Gf44Gh44Gv44CB5Y+k5YW45pu444CB54m544Gr44Op44OG44Oz6Kqe44Gn5pu444GL44KM44Gf6IGW5pu444Gr5rOo55uu44GX44Gm44GE44G+44GX44Gf44CC	6Ieq54S244K344OT6LuK44GM5omL6ICF44Gf44Gh44KS44CB6Zu76LuK44Go6KiA44GG44KJ6Zu76Kmx44KS6auY44GP44Gq44Gj44Gf44CB5q2j44Gr5rOo55uu44GX44Gm44GE44G+44GX44Gf44CC	9.6	935.0261	937.5	0.5945945945945946	1	1	6Ieq54S244K344OT44K344Oj44O844Gn6ICF44Gg44Go44CB5a6a6ICF44Go6KiA44GG44GM6Zu75YWJ44Gn5pu444GL44KM44Gf44CB5q2j5omA5LiA44Gr	2039.7246	954.5622	1	1000	1200
tiny	fleurs-0012-1589.wav	44K144OW44Kr44Or44OB44Oj44O844Gu54m55b6044KS5rG65a6a5LuY44GR44KL5oCn6LOq44Gv44CB6KiA6Kqe44CB576O44CB5a6X5pWZ44CB5pS/5rK744CB5oCn44CB5Zyw55CG44CB44G+44Gf44Gv44Gd44KM44KJ44Gu6KaB57Sg44Gu57WE44G/5ZCI44KP44Gb44GL44KC44GX44KM44G+44Gb44KT44CC	44K144OW44Kr44Or44OB44Oj44O844Gu54m544KS5Y+X44GR44GmIOOBkeOCiuOBleOBiOOBmeOBr+ePvuiqnuOAgeODk+ODvOOAgeWRqOOCkuaUv+ayu+OAgeaUv+ayu+OAgeODgeODquOBvuOBn+OBr+OBneOCjOOCieOBriDmp5jjgIXjga7ntYTlkIjjga/jgZvjgYvjgoLjgZfjgozjgb7jgZvjgpPjgII=	17.46	1637.1894	1625.0	0.4117647058823529	1	0	44K144OW44Kr44Or44OB44Oj44O844Gu54m544KS5Y+X44GR44GmIOOBkeOCiuOBleOBiOOBmeOBr+ePvuiqnuOAgeODk+OAgeWRqOOCkuaUv+ayu+OAgeaUv+ayu+OAgeefpeOCiuOBvuOBn+OBr+OBneOCjOOCieOBriDmp5jlrZDjga7ntYTlkIjjga/jgZvjgYvjgoLjgZfjgozjgb7jgZvjgpM=	2731.6483	954.5622	1	1000	1200
tiny	fleurs-0013-1615.wav	5L2V5Y2D5bm044KC5YmN44Gr44CB44Ki44Oq44K544K/44Or44Kz44K544Go44GE44GG5a2m6ICF44GM44CB5aSq6Zm957O744Gv5aSq6Zm944Gu5ZGo44KK44KS56e75YuV44GX44Gm44GE44KL44Go6KiA44GE44G+44GX44Gf44CC	5L2V5YmN5bm044KC5YmN44Gr44Ki44Oq44K544K/44Or44Kz44K544OI44O844Kr44Kv6ICF44GM5a++44Gv5a++44Gu5ZGo44KK44KS5YuV44GX44Gm44GE44KL44Go6KiA44GE44G+44GX44Gf44CC	10.2	1205.0916	1187.5	0.2682926829268293	1	0	5L2V5YmN5bm044KC5YmN44Gr44Ki44Oq44K544K/44Or44Kz44K544OI44Go44GE44GG5a2m6ICF44GM5a++44Gv5a++44Gu5ZGo44KK44KS5YuV44GX44Gm44GE44KL44Go6KiA44GE44G+44GX44Gf44CC	2113.3244	954.5622	1	1000	1200
tiny	fleurs-0015-1641.wav	44GT44Gu5qOu5p6X44Gv44Gf44Gg44Oe44Oz44Kw44Ot44O844OW44GM55Sf44GI44Gm44GE44KL44Gg44GR44Gu5rK85Zyw44Gn44Gv44GC44KK44G+44Gb44KT44CC5qOu5p6X44Gr44Gv44CB44GL44Gk44Gm44OS44Oz44OJ44Kl44K544K/44O844Oz5bmz6YeO44KS6KaG44Gj44Gm44GE44Gf5bqD5aSn44Gq44K444Oj44Oz44Kw44Or44GM5q6L44Gj44Gm44GE44KL5pyA5b6M44Gu5aC05omA44KC5ZCr44G+44KM44Gm44GE44G+44GZ44CC	44GT44Gu44K344Oz44Kj44Oz44Gv44Gf44Gg55Wq44Kw44Ot44O844GM5YWl44Gj44Gm44GE44KL44Gg44GR44Gu44Gu6ZaT6YGV44GE44Gv44GC44KK44G+44Gb44KT44K344Oz44Kj44Oz44Gr44Gv44GL44GX44GmSGluZC1TdGFuLUhlYWTjgpIg44Kq44OD44OG44GE44Gf6auY5Y+w44Gu44K444Oj44Oz44Kw44Or44GM44Gj44Gm44GE44KL5pyA5b6M44Gu5aC05omA44KC44G+44KM44Gm44GE44G+44GZ	16.44	1696.407	1671.875	0.4691358024691358	1	0	44GT44Gu44K344Oz44Kj44Oz44Gv44Gf44Gg55Wq44Kw44Ot44O844GM5YWl44Gj44Gm44GE44KL44Gg44GR44Gu44Gu6ZaT6YGV44GE44Gv44GC44KK44G+44Gb44KT44K344Oz44Kj44Oz44Gr44Gv44GL44GX44GmSGluZCBTdGFyIO2XpG/jgpLjgYrjgaPjgabjgYTjgZ8g6auY5Y+w44Gq44K444Oj44Oz44Kw44Or44GM44Gj44Gm44GE44KL5pyA5b6M44Gu5aC05omA44KC44G+44KM44Gm44GE44G+44GZ	2794.5206	954.5622	1	1000	1200
tiny	fleurs-0016-1562.wav	44GT44KM44GM5LiA6Iis55qE44Gr44Gq44KK44G+44GX44Gf44GM44CB6YmE44Gv6aas6LuK44Gu5pyo6KO96LuK6Lyq44Gu5pGp6ICX44GM6YCy44KA5Y6f5Zug44Gr44Gq44KK44G+44GX44Gf44CC	44GT44KM44GM5LiA6Iis55qE44Gr44KE44KK44G+44GX44Gf44GM6YmE44Gv5aC06ICF44Gu55uu5q2j44K344Oj44Oq44O844Gu5a6I6K2344GM6YCy44KA5Y6f5Zug44Gr44Gq44KK44G+44GX44Gf	15.12	1049.2474	1046.875	0.3055555555555556	1	0	44GT44KM44GM5LiA6Iis55qE44Gr44KE44KK44G+44GX44Gf44GM44CB6YmE44Gv5aC06ICF44Gu55uu5oCn44K344Oj44Oq44O844Gu5a6I6K2344GM6YCy44KA5Y6f5Zug44Gr44Gq44KK44G+44GX44Gf44CC	1883.6234	954.5622	1	1000	1200
tiny	fleurs-0017-1513.wav	44Ki44Or44K844Oz44OB44Oz44Gv44CB5LiW55WM5pyA6auY44Gu44Od44Ot44OB44O844Og44Go44Od44Ot56u25oqA6YG45omL44KS5pOB44GZ44KL44GT44Go44Gn5pyJ5ZCN44Gn44GZ44CC	44GC44KL5YmN44Gv5LiW55WM5pyA6auY44Gu44Od44Ot44OB44O844Og44Go44Od44Ot5pWZ6YG45omL44KS55So44GZ44KL44GT44Go44Gn5pyJ5ZCN44Gn44GZ	8.46	712.0472	703.125	0.2571428571428571	1	0	44GC44KL5YWo5Zyw44Gr44Gv5LiW55WM5pyA6auY44Gu44Od44Ot44OB44O844Og44Go44Od44Ot5YWx5oSP6YG45omL44KS55So44GZ44KL44GT44Go44Gn5pyJ5ZCN44Gn44GZ	1805.7047	954.5622	1	1000	1200
tiny	fleurs-0018-1619.wav	44GX44GL44GX44CB44Kr44K/44Or44O844OL44Oj6Kqe44GM56ys5LiA5YWs55So6Kqe44Go44GX44Gm5rOV5b6L44Gn5a6a44KB44KJ44KM44Gm44GE44KL44Gf44KB44CB44G744Go44KT44Gp44Gu5qiZ6K2Y44GM44Kr44K/44Or44O844OL44Oj6Kqe44Gu44G/44Gn6KGo56S644GV44KM44Gm44GE44G+44GZ44CC	44GX44GL44GX44CB54mH5LiK44Gr5b6M44GM56ys5LiA5YCL44KS5LiK44GM44Gj44Gm44G744GG44KK44Gk44GR44GV44KJ44KB44KJ44KM44Gm44GE44KL44Gf44KB44CB44G744Go44KT44Gp44Gu6KGo56S65Zmo44GM54mH5LiK44Gr5b6M44Gu55uu44Gn6KGo56S644GV44KM44Gm44GE44G+44GZ44CC	11.64	1050.2341	1031.25	0.5263157894736842	1	0	44GX44GL44GX44CB54mH5LiK44Gr5b6M44GM56ys5LiA5aOw44KS44GU44Go44GX44Gm5rOV55CG44Gk44GR44GV44KJ44KB44KJ44KM44Gm44GE44KL44Gf44KB44CB44G744Go44KT44Gp44Gu6KGo56S644GM54mH5LiK44Gr5b6M44Gu55uu44Gn6KGo56S644GV44KM44Gm44GE44G+44GZ	2139.5877	954.5622	1	1000	1200
tiny	fleurs-0019-1524.wav	44Oh44O844OI44Or5rOV44Gu5o6h55So44CB57W25a++5Li7576p44GL44KJ5YWx5ZKM5Li7576p44G444Gu56e76KGM44CB5oSb5Zu95b+D44CB44Gd44GX44Gm5Zu944Gv5Y2Y54us5pSv6YWN6ICF44Gn44Gv44Gq44GP5Zu95rCR44Gu44KC44Gu44Gn44GC44KL44Go44GE44GG5L+h5b+144Gq44Gp44CB5aSa44GP44Gu56S+5Lya55qE5pS/5rK755qE5b2x6Z+/44GM44GC44KK44G+44GX44Gf44CC	44Oh44O844OI44Ot44OV44O844Gu44KS6Kit5L2T44GX44Kr44Or5by35YyW6LOH5rqQ44Gu6KGMIOaEm+Wbveizh+OBneOBl+OBpuWbveOBr+aUr+mFjeiAheOBp+OBr+OBquOBj+WbveawkeOBrueJqeOBp+OBguOCi+OBqOOBhOOBhuW/teOBquOBqeWkmuOBj+OBruekvuS8mueahOOBq+aUv+ayu+eahOalreOBjOOBguOCiuOBvuOBl+OBnw==	17.28	1842.1119	1828.125	0.36619718309859156	1	1	44Oh44O844OI44Ot5pa544Gu44KS5a++44GX44GO44GL44KJ5YWx5ZKM6ICF57O744Gu6KGM44GT44GG44CB5oSb5Zu944K344O844Oz44Gd44GX44Gm5Zu944Gv5pSv6YWN6ICF44Gn44Gv44Gq44GP5Zu95rCR44Gu44KC44Gu44Gn44GC44KL44Go44GE44GG5b+144Gq44Gp5aSa44GP44Gu56S+5Lya55qE5pS/5rK755qE5b2x44GM44GC44KK44G+44GX44Gf	2699.6437	954.5622	1	1000	1200
tiny	fleurs-0020-1644.wav	44Kz44Oh44Oz44OI44KS5rGC44KB44KJ44KM44Gf44Of44Op44O85rCP44Gv44CB44CM5YWs6IG05Lya44Gn44Gv44Oe44Kk44Kv44GM44KI44GP44GX44KD44G544KL44Gu44Gn44CB56eB44Gv5rqW5YKZ44KS44GX44Gm44GE44Gf44Gu44Gn44CB5L2V44KS6KiA44Gj44Gm44GE44KL44Gu44GL44KI44GP6IGe44GT44GI44Gq44GL44Gj44Gf44CN44Go6L+w44G544Gf44CC	44Kz44Oh44Oz44OI44KS5rGC44KB44KJ44KM44Gf44Of44Op44O844GX44Gv44CB5bel5aC05Lya44Gn44Gv44Oe44Kk44Kv44GM44KI44GP44GX44KD44G544KL44Gu44Gn44CB56eB44Gv5rqW5YKZ44KS44GX44Gm44GE44Gf44Gu44Gn44CB5L2V44KS6KiA44Gj44Gm44GE44KL44Gu44GL44KI44GP6IGe44GT44GI44Gq44GL44Gj44Gf44Go5oCd44G544Gf44CC	13.56	1280.2324	1234.375	0.06153846153846154	1	1	44Kz44Oh44Oz44OI44KS5rGC44KB44KJ44KM44Gf44Of44Op44O844GX44Gv44CB6auY6Kq/5Lya44Gn44Gv44Oe44Kk44Kv44GM44KI44GP44GX44KD44G544KL44Gu44Gn44CB56eB44Gv5rqW5YKZ44KS44GX44Gm44GE44Gf44Gu44Gn44CB5L2V44KS6KiA44Gj44Gm44GE44KL44Gu44GL44KI44GP6IGe44GT44GI44Gq44GL44Gj44Gf44Go5oCd44G544Gf44CC	2408.1736	954.5622	1	1000	1200
tiny	fleurs-0021-1574.wav	5rCX5rip44GM5rC354K55LiL44Gr44Gq44KL44GT44Go44Gv44KB44Gj44Gf44Gr44GC44KK44G+44Gb44KT44GM44CB6aKo44Go5rm/5bqm44Gu6Zai5L+C44Gn5rip5bqm6KiI44GM56S644GZ5rCX5rip44KI44KK44KC5a+S44GP5oSf44GY44KL44GT44Go44GM44GC44KK44G+44GZ44CC	5Z+65pys44GM6KGo44GM44GE44Gq44KL44GT44Go44Gv44KB44Gj44Gf44Gr44GC44KK44G+44Gb44KT44GM6aKo44Go6LOq5ZWP44Gu5L+C44Gn6Z+z5YuV6KiI44GM56S644GZ5qmf6IO944KI44KK44KC44K144Og44Kw5oSf44GY44KL44GT44Go44GM44GC44KK44G+44GZ	15.72	1249.4596	1234.375	0.3018867924528302	1	0	5Z+65pys44GM6KGo5o+b44Gr44Gq44KL44GT44Go44Gv44KB44Gj44Gf44Gr44GC44KK44G+44Gb44KT44GMIOmiqOOBqOizquW6puOBruWig+OBp+mfs+WLleioiOOBjOekuuOBmSDln7rmnKzjgojjgorjgoLjgZDmhJ/jgZjjgovjgZPjgajjgYzjgYLjgorjgb7jgZk=	2178.3169	954.5622	1	1000	1200
tiny	fleurs-0022-1582.wav	44OY44OW44Op44Kk5Lq65a625peP44Gv44G744Go44KT44Gp5oi45aSW44Gn5pqu44KJ44GX44Gm44GE44G+44GX44Gf44CC	44KK5YmN44Gr6aKo44GP44Gv44G744Go44KT44Gp44Go44GM44GE44Gn44KJ44GX44Gm44GE44G+44GX44Gf44CC	7.5	654.9822	625.0	0.4782608695652174	1	1	44OW44Op44Kk5Lq65a6244Gv44G744Go44KT44Gp44Go44GM44GE44Gn44KJ44GX44Gm44GE44G+44GX44Gf	1753.7174	954.5622	1	1000	1200
tiny	synthetic-short.wav	44GT44KT44Gr44Gh44Gv44CC55+t44GP5oyo5ou244GX44Gm44GP44Gg44GV44GE44CC	44GT44KT44Gr44Gh44Gv44CCIOawtOaEm+OBl+OBpuOBj+OBoOOBleOBhOOAgg==	4.2	364.5108	343.75	0.26666666666666666	1	0	44GT44KT44Gr44Gh44Gv44CCIOawtOaEm+OBl+OBpuOBj+OBoOOBleOBhOOAgg==	1579.0854	954.5622	1	1000	1200
tiny	synthetic-long.wav	6Z+z5aOw5YWl5Yqb44Gu5a6f6KOF44KS56K66KqN44GX44Gm44GP44Gg44GV44GE44CC44OG44K544OI44KS5a6f6KGM44GX44CB5aSx5pWX44GX44Gf5Y6f5Zug44KS6Kq/44G544Gm44CB5b+F6KaB44Gq5L+u5q2j44KS6KGM44Gj44Gm44GP44Gg44GV44GE44CC44Gd44Gu5b6M44Gn5aSJ5pu054K544Go56K66KqN57WQ5p6c44KS55+t44GP5aCx5ZGK44GX44Gm44GP44Gg44GV44GE44CC	6Z+z5aOw5YWl5Yqb44Gu5a6f5oOz44KS56K66KqN44GX44Gm44GP44Gg44GV44GE44OG44K544OI44KS5a6f6KGM44GX5aSx44GX44Gf5Y6f5Zug44KS6Kq/44G544Gm5b+F6KaB44Gq5q2j44KS6KiA44Gj44Gm44GP44Gg44GV44GE44Gd44Gu5b6M44Gn5aSJ5pu054K544Go56K66KqN57WQ5p6c44KS44GP5aCx5ZGK44GX44Gm44GP44Gg44GV44GE	15.095	1513.7119	1484.375	0.07246376811594203	1	0	6Z+z5aOw5YWl5Yqb44Gu5a6f5oOz44KS56K66KqN44GX44Gm44GP44Gg44GV44GE44OG44K544OI44KS5a6f6KGM44GX5aSx44GX44Gf5Y6f5Zug44KS6Kq/44G544Gm5b+F6KaB44Gq5q2j44KS6KiA44Gj44Gm44GP44Gg44GV44GE44Gd44Gu5b6M44Gn5aSJ5pu054K544Go56K66KqN57WQ5p6c44KS44GP5aCx5ZGK44GX44Gm44GP44Gg44GV44GE	2642.7796	954.5622	1	1000	1200
tiny	synthetic-technical.wav	SmF2YeOBqFNwcmluZyBCb29044KS5L2/44GE44G+44GZ44CCV2hpc3BlcuOBruiqjeitmOe1kOaenOOCkkdhdGV3YXnjgavmuKHjgZfjgIFHaXRIdWLjgavjg5fjg6vjg6rjgq/jgqjjgrnjg4jjgpLkvZzmiJDjgZfjgabjgY/jgaDjgZXjgYTjgII=	44K444Oj44OQ44OI44K544OX44Oq44Oz44Kw44OW44O844OI44KS5L2/44GE44G+44GZ44Km44Kk44K544OR44O844Gu6KqN6K2Y57WQ5p6c44KS44Ky44O844OI5a6244Gr56eBIOiHquOBn+OBtuOBq+ODl+ODq+ODquOCr+OCqOOCueODiOOCkuS9nOaIkOOBl+OBpuOBj+OBoOOBleOBhA==	9.47	1000.4793	1000.0	0.5606060606060606	1	0	44K444Oj44OQ44OI44K544OX44Oq44Oz44Kw44OW44O844OI44KS5L2/44GE44G+44GZ44Km44Kk44K544OR44O844Gu6KqN6K2Y57WQ5p6c44KS44Ky44O844OI5a6244Gr56eBIOiHquOBn+OBtuOBq+ODl+ODq+ODquOCr+OCqOOCueODiOOCkuS9nOaIkOOBl+OBpuOBj+OBoOOBleOBhA==	2218.1946	954.5622	1	1000	1200
tiny	synthetic-files.wav	cG9tLnhtbOOBqFJFQURNRS5tZOOCkueiuuiqjeOBl+OBpuOAgXNyY+ODh+OCo+ODrOOCr+ODiOODquOBq+OBguOCi1ZvaWNlQ29tbWFuZC5qYXZh44KS5L+u5q2j44GX44Gm44GP44Gg44GV44GE44CC	44Od44Og44OJ44OD44OI44Ko44OD44Kv44K5TUzjgajjg6rjg7zjg4njg6Djg4njg4Pjg4hNROOCkueiuuiqjeOBl+OBpuOAgVNSTEPjg4fjgqPjg6zjgq/jg4jjg6rjg4vjgqLjg6vjg5zjgqTjgrvjgrPjg57jg7Pjg4njgrjjg6Pjg5Djg7zjgpLmraPjgZfjgabjgY/jgaDjgZXjgYTjgII=	8.975	1062.3791	1062.5	0.7719298245614035	1	0	44Od44Og44OJ44OD44OI44Ko44OD44Kv44K5TUzjgajjg6rjg7zjg4njg6Djg4njg4Pjg4hNROOCkueiuuiqjeOBl+OBpiBTUkMg44OH44Kj44Os44Kv44OI44Oq44OL44Ki44Or44Oc44Kk44K744Kz44Oe44Oz44OJ44K444Oj44OQ44O844KS5q2j44GX44Gm44GP44Gg44GV44GE	2330.1364000000003	954.5622	1	1000	1200
tiny	synthetic-pause-600.wav	5aSJ5pu05YaF5a6544KS56K66KqN44GX44Gm44GP44Gg44GV44GE44CC44Gd44KM44GL44KJ44CB5Zue5biw44OG44K544OI44KS5a6f6KGM44GX44Gm44GP44Gg44GV44GE44CC	5aSJ5pu05YaF5a6544KS56K66KqN44GX44Gm44GP44Gg44GV44GE44Gd44KM44GL44KJ5Zue5pyf44OG44K544OI44KS5a6f6KGM44GX44Gm44GP44Gg44GV44GE	7.35	601.0291	578.125	0.03225806451612903	2	0	5aSJ5pu05YaF5a6544KS56K66KqN44GX44Gm44GP44Gg44GV44GE44Gd44KM44GL44KJ5Zue5pyf44OG44K544OI44KS5a6f6KGM44GX44Gm44GP44Gg44GV44GE	1537.3707	954.5622	1	1000	1200
tiny	synthetic-pause-900.wav	5aSJ5pu05YaF5a6544KS56K66KqN44GX44Gm44GP44Gg44GV44GE44CC44Gd44KM44GL44KJ44CB5Zue5biw44OG44K544OI44KS5a6f6KGM44GX44Gm44GP44Gg44GV44GE44CC	5aSJ5pu05YaF5a6544KS56K66KqN44GX44Gm44GP44Gg44GV44GE44Gd44KM44GL44KJ5Zue5pyf44OG44K544OI44KS5a6f6KGM44GX44Gm44GP44Gg44GV44GE	7.65	582.7576	578.125	0.03225806451612903	2	0	5aSJ5pu05YaF5a6544KS56K66KqN44GX44Gm44GP44Gg44GV44GE44Gd44KM44GL44KJ5Zue5pyf44OG44K544OI44KS5a6f6KGM44GX44Gm44GP44Gg44GV44GE	1583.2258	954.5622	1	1000	1200
tiny	synthetic-pause-1500.wav	5aSJ5pu05YaF5a6544KS56K66KqN44GX44Gm44GP44Gg44GV44GE44CC44Gd44KM44GL44KJ44CB5Zue5biw44OG44K544OI44KS5a6f6KGM44GX44Gm44GP44Gg44GV44GE44CC	5aSJ5pu05YaF5a6544KS56K66KqN44GX44Gm44GP44Gg44GV44GE44Gd44KM44GL44KJ5Zue5pyf44OG44K544OI44KS5a6f6KGM44GX44Gm44GP44Gg44GV44GE	8.25	576.7802	562.5	0.03225806451612903	2	0	5aSJ5pu05YaF5a6544KS56K66KqN44GX44Gm44GP44Gg44GV44GE44Gd44KM44GL44KJ5Zue5pyf44OG44K544OI44KS5a6f6KGM44GX44Gm44GP44Gg44GV44GE	1575.2621	954.5622	1	1000	1200
tiny	synthetic-background.wav	44GT44KT44Gr44Gh44Gv44CC55+t44GP5oyo5ou244GX44Gm44GP44Gg44GV44GE44CC	44GT44KT44Gr44Gh44Gv44CC5rC044GM44GP44GC44GE44GV44Gk44GX44Gm44GP44Gg44GV44GE44CC	4.2	557.1282	515.625	0.4	1	0	44GT44KT44Gr44Gh44Gv44CC5rC044GM44GP44GC44GE44GV44Gk44GX44Gm44GP44Gg44GV44GE44CC	1623.262	954.5622	1	1000	1200
tiny	silence.wav		44CM44GK44KE44Gk44CN	3.0	289.2212	281.25	NaN	0	0		NaN	954.5622	1	1000	1200
tiny	noise.wav		44KS5L2/44GG44Go44CB5L2/44GG44Go44CB5L2/44GG44Go44CB5L2/	3.0	412.8422	421.875	NaN	0	0		NaN	954.5622	1	1000	1200
