file	threshold	silenceMs	candidates	dropped	finalVadWaitMs
fleurs-0000-1519.wav	0.4	600	2	0	608.0
fleurs-0000-1519.wav	0.4	1200	1	0	1216.0
fleurs-0000-1519.wav	0.4	1800	1	0	1824.0
fleurs-0000-1519.wav	0.4	2400	1	0	2400.0
fleurs-0000-1519.wav	0.5	600	2	0	608.0
fleurs-0000-1519.wav	0.5	1200	2	0	1216.0
fleurs-0000-1519.wav	0.5	1800	1	0	1824.0
fleurs-0000-1519.wav	0.5	2400	1	0	2400.0
fleurs-0000-1519.wav	0.65	600	1	1	608.0
fleurs-0000-1519.wav	0.65	1200	1	1	1216.0
fleurs-0000-1519.wav	0.65	1800	1	0	1824.0
fleurs-0000-1519.wav	0.65	2400	1	0	2400.0
fleurs-0002-1607.wav	0.4	600	1	0	608.0
fleurs-0002-1607.wav	0.4	1200	1	0	1216.0
fleurs-0002-1607.wav	0.4	1800	1	0	1824.0
fleurs-0002-1607.wav	0.4	2400	1	0	2400.0
fleurs-0002-1607.wav	0.5	600	1	0	608.0
fleurs-0002-1607.wav	0.5	1200	1	0	1216.0
fleurs-0002-1607.wav	0.5	1800	1	0	1824.0
fleurs-0002-1607.wav	0.5	2400	1	0	2400.0
fleurs-0002-1607.wav	0.65	600	1	0	608.0
fleurs-0002-1607.wav	0.65	1200	1	0	1216.0
fleurs-0002-1607.wav	0.65	1800	1	0	1824.0
fleurs-0002-1607.wav	0.65	2400	1	0	2400.0
fleurs-0003-1634.wav	0.4	600	1	1	608.0
fleurs-0003-1634.wav	0.4	1200	1	1	1216.0
fleurs-0003-1634.wav	0.4	1800	1	0	1824.0
fleurs-0003-1634.wav	0.4	2400	1	0	2400.0
fleurs-0003-1634.wav	0.5	600	1	0	608.0
fleurs-0003-1634.wav	0.5	1200	1	0	1216.0
fleurs-0003-1634.wav	0.5	1800	1	0	1824.0
fleurs-0003-1634.wav	0.5	2400	1	0	2400.0
fleurs-0003-1634.wav	0.65	600	1	0	608.0
fleurs-0003-1634.wav	0.65	1200	1	0	1216.0
fleurs-0003-1634.wav	0.65	1800	1	0	1824.0
fleurs-0003-1634.wav	0.65	2400	1	0	2400.0
fleurs-0004-1625.wav	0.4	600	2	0	608.0
fleurs-0004-1625.wav	0.4	1200	1	0	1216.0
fleurs-0004-1625.wav	0.4	1800	1	0	1824.0
fleurs-0004-1625.wav	0.4	2400	1	0	2400.0
fleurs-0004-1625.wav	0.5	600	2	0	608.0
fleurs-0004-1625.wav	0.5	1200	2	0	1216.0
fleurs-0004-1625.wav	0.5	1800	1	0	1824.0
fleurs-0004-1625.wav	0.5	2400	1	0	2400.0
fleurs-0004-1625.wav	0.65	600	1	1	608.0
fleurs-0004-1625.wav	0.65	1200	1	1	1216.0
fleurs-0004-1625.wav	0.65	1800	1	0	1824.0
fleurs-0004-1625.wav	0.65	2400	1	0	2400.0
fleurs-0005-1572.wav	0.4	600	1	0	608.0
fleurs-0005-1572.wav	0.4	1200	1	0	1216.0
fleurs-0005-1572.wav	0.4	1800	1	0	1824.0
fleurs-0005-1572.wav	0.4	2400	1	0	2400.0
fleurs-0005-1572.wav	0.5	600	1	0	608.0
fleurs-0005-1572.wav	0.5	1200	1	0	1216.0
fleurs-0005-1572.wav	0.5	1800	1	0	1824.0
fleurs-0005-1572.wav	0.5	2400	1	0	2400.0
fleurs-0005-1572.wav	0.65	600	1	0	608.0
fleurs-0005-1572.wav	0.65	1200	1	0	1216.0
fleurs-0005-1572.wav	0.65	1800	1	0	1824.0
fleurs-0005-1572.wav	0.65	2400	1	0	2400.0
fleurs-0007-1607.wav	0.4	600	1	1	608.0
fleurs-0007-1607.wav	0.4	1200	1	1	1216.0
fleurs-0007-1607.wav	0.4	1800	1	1	1824.0
fleurs-0007-1607.wav	0.4	2400	1	0	2400.0
fleurs-0007-1607.wav	0.5	600	1	0	608.0
fleurs-0007-1607.wav	0.5	1200	1	0	1216.0
fleurs-0007-1607.wav	0.5	1800	1	0	1824.0
fleurs-0007-1607.wav	0.5	2400	1	0	2400.0
fleurs-0007-1607.wav	0.65	600	1	0	608.0
fleurs-0007-1607.wav	0.65	1200	1	0	1216.0
fleurs-0007-1607.wav	0.65	1800	1	0	1824.0
fleurs-0007-1607.wav	0.65	2400	1	0	2400.0
fleurs-0008-1575.wav	0.4	600	1	0	608.0
fleurs-0008-1575.wav	0.4	1200	1	0	1216.0
fleurs-0008-1575.wav	0.4	1800	1	0	1824.0
fleurs-0008-1575.wav	0.4	2400	1	0	2400.0
fleurs-0008-1575.wav	0.5	600	1	0	608.0
fleurs-0008-1575.wav	0.5	1200	1	0	1216.0
fleurs-0008-1575.wav	0.5	1800	1	0	1824.0
fleurs-0008-1575.wav	0.5	2400	1	0	2400.0
fleurs-0008-1575.wav	0.65	600	1	0	608.0
fleurs-0008-1575.wav	0.65	1200	1	0	1216.0
fleurs-0008-1575.wav	0.65	1800	1	0	1824.0
fleurs-0008-1575.wav	0.65	2400	1	0	2400.0
fleurs-0009-1628.wav	0.4	600	2	0	608.0
fleurs-0009-1628.wav	0.4	1200	2	0	1216.0
fleurs-0009-1628.wav	0.4	1800	1	0	1824.0
fleurs-0009-1628.wav	0.4	2400	1	0	2400.0
fleurs-0009-1628.wav	0.5	600	1	1	608.0
fleurs-0009-1628.wav	0.5	1200	1	1	1216.0
fleurs-0009-1628.wav	0.5	1800	1	0	1824.0
fleurs-0009-1628.wav	0.5	2400	1	0	2400.0
fleurs-0009-1628.wav	0.65	600	1	1	608.0
fleurs-0009-1628.wav	0.65	1200	1	1	1216.0
fleurs-0009-1628.wav	0.65	1800	1	0	1824.0
fleurs-0009-1628.wav	0.65	2400	1	0	2400.0
fleurs-0010-1598.wav	0.4	600	1	1	608.0
fleurs-0010-1598.wav	0.4	1200	1	1	1216.0
fleurs-0010-1598.wav	0.4	1800	1	0	1824.0
fleurs-0010-1598.wav	0.4	2400	1	0	2400.0
fleurs-0010-1598.wav	0.5	600	1	1	608.0
fleurs-0010-1598.wav	0.5	1200	1	1	1216.0
fleurs-0010-1598.wav	0.5	1800	1	0	1824.0
fleurs-0010-1598.wav	0.5	2400	1	0	2400.0
fleurs-0010-1598.wav	0.65	600	1	0	608.0
fleurs-0010-1598.wav	0.65	1200	1	0	1216.0
fleurs-0010-1598.wav	0.65	1800	1	0	1824.0
fleurs-0010-1598.wav	0.65	2400	1	0	2400.0
fleurs-0011-1596.wav	0.4	600	2	0	608.0
fleurs-0011-1596.wav	0.4	1200	2	0	1216.0
fleurs-0011-1596.wav	0.4	1800	1	0	1824.0
fleurs-0011-1596.wav	0.4	2400	1	0	2400.0
fleurs-0011-1596.wav	0.5	600	1	1	608.0
fleurs-0011-1596.wav	0.5	1200	1	1	1216.0
fleurs-0011-1596.wav	0.5	1800	1	0	1824.0
fleurs-0011-1596.wav	0.5	2400	1	0	2400.0
fleurs-0011-1596.wav	0.65	600	1	1	608.0
fleurs-0011-1596.wav	0.65	1200	1	1	1216.0
fleurs-0011-1596.wav	0.65	1800	1	0	1824.0
fleurs-0011-1596.wav	0.65	2400	1	0	2400.0
fleurs-0012-1589.wav	0.4	600	1	0	608.0
fleurs-0012-1589.wav	0.4	1200	1	0	1216.0
fleurs-0012-1589.wav	0.4	1800	1	0	1824.0
fleurs-0012-1589.wav	0.4	2400	1	0	2400.0
fleurs-0012-1589.wav	0.5	600	1	0	608.0
fleurs-0012-1589.wav	0.5	1200	1	0	1216.0
fleurs-0012-1589.wav	0.5	1800	1	0	1824.0
fleurs-0012-1589.wav	0.5	2400	1	0	2400.0
fleurs-0012-1589.wav	0.65	600	1	0	608.0
fleurs-0012-1589.wav	0.65	1200	1	0	1216.0
fleurs-0012-1589.wav	0.65	1800	1	0	1824.0
fleurs-0012-1589.wav	0.65	2400	1	0	2400.0
fleurs-0013-1615.wav	0.4	600	1	0	608.0
fleurs-0013-1615.wav	0.4	1200	1	0	1216.0
fleurs-0013-1615.wav	0.4	1800	1	0	1824.0
fleurs-0013-1615.wav	0.4	2400	1	0	2400.0
fleurs-0013-1615.wav	0.5	600	1	0	608.0
fleurs-0013-1615.wav	0.5	1200	1	0	1216.0
fleurs-0013-1615.wav	0.5	1800	1	0	1824.0
fleurs-0013-1615.wav	0.5	2400	1	0	2400.0
fleurs-0013-1615.wav	0.65	600	1	0	608.0
fleurs-0013-1615.wav	0.65	1200	1	0	1216.0
fleurs-0013-1615.wav	0.65	1800	1	0	1824.0
fleurs-0013-1615.wav	0.65	2400	1	0	2400.0
fleurs-0015-1641.wav	0.4	600	1	0	608.0
fleurs-0015-1641.wav	0.4	1200	1	0	1216.0
fleurs-0015-1641.wav	0.4	1800	1	0	1824.0
fleurs-0015-1641.wav	0.4	2400	1	0	2400.0
fleurs-0015-1641.wav	0.5	600	1	0	608.0
fleurs-0015-1641.wav	0.5	1200	1	0	1216.0
fleurs-0015-1641.wav	0.5	1800	1	0	1824.0
fleurs-0015-1641.wav	0.5	2400	1	0	2400.0
fleurs-0015-1641.wav	0.65	600	1	0	608.0
fleurs-0015-1641.wav	0.65	1200	1	0	1216.0
fleurs-0015-1641.wav	0.65	1800	1	0	1824.0
fleurs-0015-1641.wav	0.65	2400	1	0	2400.0
fleurs-0016-1562.wav	0.4	600	1	0	608.0
fleurs-0016-1562.wav	0.4	1200	1	0	1216.0
fleurs-0016-1562.wav	0.4	1800	1	0	1824.0
fleurs-0016-1562.wav	0.4	2400	1	0	2400.0
fleurs-0016-1562.wav	0.5	600	1	0	608.0
fleurs-0016-1562.wav	0.5	1200	1	0	1216.0
fleurs-0016-1562.wav	0.5	1800	1	0	1824.0
fleurs-0016-1562.wav	0.5	2400	1	0	2400.0
fleurs-0016-1562.wav	0.65	600	1	0	608.0
fleurs-0016-1562.wav	0.65	1200	1	0	1216.0
fleurs-0016-1562.wav	0.65	1800	1	0	1824.0
fleurs-0016-1562.wav	0.65	2400	1	0	2400.0
fleurs-0017-1513.wav	0.4	600	1	0	608.0
fleurs-0017-1513.wav	0.4	1200	1	0	1216.0
fleurs-0017-1513.wav	0.4	1800	1	0	1824.0
fleurs-0017-1513.wav	0.4	2400	1	0	2400.0
fleurs-0017-1513.wav	0.5	600	1	0	608.0
fleurs-0017-1513.wav	0.5	1200	1	0	1216.0
fleurs-0017-1513.wav	0.5	1800	1	0	1824.0
fleurs-0017-1513.wav	0.5	2400	1	0	2400.0
fleurs-0017-1513.wav	0.65	600	1	0	608.0
fleurs-0017-1513.wav	0.65	1200	1	0	1216.0
fleurs-0017-1513.wav	0.65	1800	1	0	1824.0
fleurs-0017-1513.wav	0.65	2400	1	0	2400.0
fleurs-0018-1619.wav	0.4	600	1	0	608.0
fleurs-0018-1619.wav	0.4	1200	1	0	1216.0
fleurs-0018-1619.wav	0.4	1800	1	0	1824.0
fleurs-0018-1619.wav	0.4	2400	1	0	2400.0
fleurs-0018-1619.wav	0.5	600	1	0	608.0
fleurs-0018-1619.wav	0.5	1200	1	0	1216.0
fleurs-0018-1619.wav	0.5	1800	1	0	1824.0
fleurs-0018-1619.wav	0.5	2400	1	0	2400.0
fleurs-0018-1619.wav	0.65	600	1	0	608.0
fleurs-0018-1619.wav	0.65	1200	1	0	1216.0
fleurs-0018-1619.wav	0.65	1800	1	0	1824.0
fleurs-0018-1619.wav	0.65	2400	1	0	2400.0
fleurs-0019-1524.wav	0.4	600	1	1	608.0
fleurs-0019-1524.wav	0.4	1200	1	0	1216.0
fleurs-0019-1524.wav	0.4	1800	1	0	1824.0
fleurs-0019-1524.wav	0.4	2400	1	0	2400.0
fleurs-0019-1524.wav	0.5	600	1	1	608.0
fleurs-0019-1524.wav	0.5	1200	1	1	1216.0
fleurs-0019-1524.wav	0.5	1800	1	0	1824.0
fleurs-0019-1524.wav	0.5	2400	1	0	2400.0
fleurs-0019-1524.wav	0.65	600	1	1	608.0
fleurs-0019-1524.wav	0.65	1200	1	1	1216.0
fleurs-0019-1524.wav	0.65	1800	1	0	1824.0
fleurs-0019-1524.wav	0.65	2400	1	0	2400.0
fleurs-0020-1644.wav	0.4	600	1	1	608.0
fleurs-0020-1644.wav	0.4	1200	1	1	1216.0
fleurs-0020-1644.wav	0.4	1800	1	0	1824.0
fleurs-0020-1644.wav	0.4	2400	1	0	2400.0
fleurs-0020-1644.wav	0.5	600	2	1	608.0
fleurs-0020-1644.wav	0.5	1200	1	1	1216.0
fleurs-0020-1644.wav	0.5	1800	1	0	1824.0
fleurs-0020-1644.wav	0.5	2400	1	0	2400.0
fleurs-0020-1644.wav	0.65	600	2	0	608.0
fleurs-0020-1644.wav	0.65	1200	1	0	1216.0
fleurs-0020-1644.wav	0.65	1800	1	0	1824.0
fleurs-0020-1644.wav	0.65	2400	1	0	2400.0
fleurs-0021-1574.wav	0.4	600	1	0	608.0
fleurs-0021-1574.wav	0.4	1200	1	0	1216.0
fleurs-0021-1574.wav	0.4	1800	1	0	1824.0
fleurs-0021-1574.wav	0.4	2400	1	0	2400.0
fleurs-0021-1574.wav	0.5	600	1	0	608.0
fleurs-0021-1574.wav	0.5	1200	1	0	1216.0
fleurs-0021-1574.wav	0.5	1800	1	0	1824.0
fleurs-0021-1574.wav	0.5	2400	1	0	2400.0
fleurs-0021-1574.wav	0.65	600	1	0	608.0
fleurs-0021-1574.wav	0.65	1200	1	0	1216.0
fleurs-0021-1574.wav	0.65	1800	1	0	1824.0
fleurs-0021-1574.wav	0.65	2400	1	0	2400.0
fleurs-0022-1582.wav	0.4	600	1	1	608.0
fleurs-0022-1582.wav	0.4	1200	1	1	1216.0
fleurs-0022-1582.wav	0.4	1800	1	0	1824.0
fleurs-0022-1582.wav	0.4	2400	1	0	2400.0
fleurs-0022-1582.wav	0.5	600	1	1	608.0
fleurs-0022-1582.wav	0.5	1200	1	1	1216.0
fleurs-0022-1582.wav	0.5	1800	1	0	1824.0
fleurs-0022-1582.wav	0.5	2400	1	0	2400.0
fleurs-0022-1582.wav	0.65	600	1	0	608.0
fleurs-0022-1582.wav	0.65	1200	1	0	1216.0
fleurs-0022-1582.wav	0.65	1800	1	0	1824.0
fleurs-0022-1582.wav	0.65	2400	1	0	2400.0
synthetic-short.wav	0.4	600	2	0	608.0
synthetic-short.wav	0.4	1200	1	0	1216.0
synthetic-short.wav	0.4	1800	1	0	1824.0
synthetic-short.wav	0.4	2400	1	0	2400.0
synthetic-short.wav	0.5	600	2	0	608.0
synthetic-short.wav	0.5	1200	1	0	1216.0
synthetic-short.wav	0.5	1800	1	0	1824.0
synthetic-short.wav	0.5	2400	1	0	2400.0
synthetic-short.wav	0.65	600	2	0	608.0
synthetic-short.wav	0.65	1200	1	0	1216.0
synthetic-short.wav	0.65	1800	1	0	1824.0
synthetic-short.wav	0.65	2400	1	0	2400.0
synthetic-long.wav	0.4	600	3	0	608.0
synthetic-long.wav	0.4	1200	1	0	1216.0
synthetic-long.wav	0.4	1800	1	0	1824.0
synthetic-long.wav	0.4	2400	1	0	2400.0
synthetic-long.wav	0.5	600	3	0	608.0
synthetic-long.wav	0.5	1200	1	0	1216.0
synthetic-long.wav	0.5	1800	1	0	1824.0
synthetic-long.wav	0.5	2400	1	0	2400.0
synthetic-long.wav	0.65	600	3	0	608.0
synthetic-long.wav	0.65	1200	1	0	1216.0
synthetic-long.wav	0.65	1800	1	0	1824.0
synthetic-long.wav	0.65	2400	1	0	2400.0
synthetic-technical.wav	0.4	600	2	0	608.0
synthetic-technical.wav	0.4	1200	1	0	1216.0
synthetic-technical.wav	0.4	1800	1	0	1824.0
synthetic-technical.wav	0.4	2400	1	0	2400.0
synthetic-technical.wav	0.5	600	2	0	608.0
synthetic-technical.wav	0.5	1200	1	0	1216.0
synthetic-technical.wav	0.5	1800	1	0	1824.0
synthetic-technical.wav	0.5	2400	1	0	2400.0
synthetic-technical.wav	0.65	600	2	0	608.0
synthetic-technical.wav	0.65	1200	1	0	1216.0
synthetic-technical.wav	0.65	1800	1	0	1824.0
synthetic-technical.wav	0.65	2400	1	0	2400.0
synthetic-files.wav	0.4	600	1	0	608.0
synthetic-files.wav	0.4	1200	1	0	1216.0
synthetic-files.wav	0.4	1800	1	0	1824.0
synthetic-files.wav	0.4	2400	1	0	2400.0
synthetic-files.wav	0.5	600	1	0	608.0
synthetic-files.wav	0.5	1200	1	0	1216.0
synthetic-files.wav	0.5	1800	1	0	1824.0
synthetic-files.wav	0.5	2400	1	0	2400.0
synthetic-files.wav	0.65	600	1	0	608.0
synthetic-files.wav	0.65	1200	1	0	1216.0
synthetic-files.wav	0.65	1800	1	0	1824.0
synthetic-files.wav	0.65	2400	1	0	2400.0
synthetic-pause-600.wav	0.4	600	2	0	608.0
synthetic-pause-600.wav	0.4	1200	2	0	1216.0
synthetic-pause-600.wav	0.4	1800	1	0	1824.0
synthetic-pause-600.wav	0.4	2400	1	0	2400.0
synthetic-pause-600.wav	0.5	600	2	0	608.0
synthetic-pause-600.wav	0.5	1200	2	0	1216.0
synthetic-pause-600.wav	0.5	1800	1	0	1824.0
synthetic-pause-600.wav	0.5	2400	1	0	2400.0
synthetic-pause-600.wav	0.65	600	2	0	608.0
synthetic-pause-600.wav	0.65	1200	2	0	1216.0
synthetic-pause-600.wav	0.65	1800	1	0	1824.0
synthetic-pause-600.wav	0.65	2400	1	0	2400.0
synthetic-pause-900.wav	0.4	600	2	0	608.0
synthetic-pause-900.wav	0.4	1200	2	0	1216.0
synthetic-pause-900.wav	0.4	1800	2	0	1824.0
synthetic-pause-900.wav	0.4	2400	1	0	2400.0
synthetic-pause-900.wav	0.5	600	2	0	608.0
synthetic-pause-900.wav	0.5	1200	2	0	1216.0
synthetic-pause-900.wav	0.5	1800	2	0	1824.0
synthetic-pause-900.wav	0.5	2400	1	0	2400.0
synthetic-pause-900.wav	0.65	600	2	0	608.0
synthetic-pause-900.wav	0.65	1200	2	0	1216.0
synthetic-pause-900.wav	0.65	1800	2	0	1824.0
synthetic-pause-900.wav	0.65	2400	1	0	2400.0
synthetic-pause-1500.wav	0.4	600	2	0	608.0
synthetic-pause-1500.wav	0.4	1200	2	0	1216.0
synthetic-pause-1500.wav	0.4	1800	2	0	1824.0
synthetic-pause-1500.wav	0.4	2400	2	0	2400.0
synthetic-pause-1500.wav	0.5	600	2	0	608.0
synthetic-pause-1500.wav	0.5	1200	2	0	1216.0
synthetic-pause-1500.wav	0.5	1800	2	0	1824.0
synthetic-pause-1500.wav	0.5	2400	2	0	2400.0
synthetic-pause-1500.wav	0.65	600	2	0	608.0
synthetic-pause-1500.wav	0.65	1200	2	0	1216.0
synthetic-pause-1500.wav	0.65	1800	2	0	1824.0
synthetic-pause-1500.wav	0.65	2400	2	0	2400.0
synthetic-background.wav	0.4	600	2	0	608.0
synthetic-background.wav	0.4	1200	1	0	1216.0
synthetic-background.wav	0.4	1800	1	0	1824.0
synthetic-background.wav	0.4	2400	1	0	2400.0
synthetic-background.wav	0.5	600	2	0	608.0
synthetic-background.wav	0.5	1200	1	0	1216.0
synthetic-background.wav	0.5	1800	1	0	1824.0
synthetic-background.wav	0.5	2400	1	0	2400.0
synthetic-background.wav	0.65	600	2	0	608.0
synthetic-background.wav	0.65	1200	1	0	1216.0
synthetic-background.wav	0.65	1800	1	0	1824.0
synthetic-background.wav	0.65	2400	1	0	2400.0
silence.wav	0.4	600	0	0	NaN
silence.wav	0.4	1200	0	0	NaN
silence.wav	0.4	1800	0	0	NaN
silence.wav	0.4	2400	0	0	NaN
silence.wav	0.5	600	0	0	NaN
silence.wav	0.5	1200	0	0	NaN
silence.wav	0.5	1800	0	0	NaN
silence.wav	0.5	2400	0	0	NaN
silence.wav	0.65	600	0	0	NaN
silence.wav	0.65	1200	0	0	NaN
silence.wav	0.65	1800	0	0	NaN
silence.wav	0.65	2400	0	0	NaN
noise.wav	0.4	600	0	0	NaN
noise.wav	0.4	1200	0	0	NaN
noise.wav	0.4	1800	0	0	NaN
noise.wav	0.4	2400	0	0	NaN
noise.wav	0.5	600	0	0	NaN
noise.wav	0.5	1200	0	0	NaN
noise.wav	0.5	1800	0	0	NaN
noise.wav	0.5	2400	0	0	NaN
noise.wav	0.65	600	0	0	NaN
noise.wav	0.65	1200	0	0	NaN
noise.wav	0.65	1800	0	0	NaN
noise.wav	0.65	2400	0	0	NaN
